File,LOC,SLOC-P,SLOC-L,MVG,BLOC,C&SLOC,CLOC,CWORD,HCLOC,HCWORD
D:\Udacity Android Development\ud851-Sunshine-student\DiceRoll\app\build\generated\source\buildConfig\debug\com\example\android\diceroll\BuildConfig.java,14,9,8,0,2,0,3,9,3,9
D:\Udacity Android Development\ud851-Sunshine-student\DiceRoll\app\build\generated\source\r\debug\android\arch\lifecycle\R.java,11,3,2,0,2,0,6,32,6,32
D:\Udacity Android Development\ud851-Sunshine-student\DiceRoll\app\build\generated\source\r\debug\android\support\compat\R.java,130,122,112,0,2,0,6,32,6,32
D:\Udacity Android Development\ud851-Sunshine-student\DiceRoll\app\build\generated\source\r\debug\android\support\constraint\R.java,233,225,225,0,2,0,6,32,6,32
D:\Udacity Android Development\ud851-Sunshine-student\DiceRoll\app\build\generated\source\r\debug\android\support\coreui\R.java,130,122,112,0,2,0,6,32,6,32
D:\Udacity Android Development\ud851-Sunshine-student\DiceRoll\app\build\generated\source\r\debug\android\support\coreutils\R.java,130,122,112,0,2,0,6,32,6,32
D:\Udacity Android Development\ud851-Sunshine-student\DiceRoll\app\build\generated\source\r\debug\android\support\fragment\R.java,130,122,112,0,2,0,6,32,6,32
D:\Udacity Android Development\ud851-Sunshine-student\DiceRoll\app\build\generated\source\r\debug\android\support\graphics\drawable\R.java,130,122,112,0,2,0,6,32,6,32
D:\Udacity Android Development\ud851-Sunshine-student\DiceRoll\app\build\generated\source\r\debug\android\support\graphics\drawable\animated\R.java,130,122,112,0,2,0,6,32,6,32
D:\Udacity Android Development\ud851-Sunshine-student\DiceRoll\app\build\generated\source\r\debug\android\support\mediacompat\R.java,153,145,135,0,2,0,6,32,6,32
D:\Udacity Android Development\ud851-Sunshine-student\DiceRoll\app\build\generated\source\r\debug\android\support\v4\R.java,153,145,135,0,2,0,6,32,6,32
D:\Udacity Android Development\ud851-Sunshine-student\DiceRoll\app\build\generated\source\r\debug\android\support\v7\appcompat\R.java,1541,1533,1554,0,2,0,6,32,6,32
D:\Udacity Android Development\ud851-Sunshine-student\DiceRoll\app\build\generated\source\r\debug\com\example\android\diceroll\R.java,11610,1987,1833,0,2,0,9621,44214,6,32
D:\Udacity Android Development\ud851-Sunshine-student\DiceRoll\app\src\androidTest\java\com\example\android\diceroll\ExampleInstrumentedTest.java,27,15,11,0,6,0,6,24,0,0
D:\Udacity Android Development\ud851-Sunshine-student\DiceRoll\app\src\main\java\com\example\android\diceroll\DiceUtilities.java,204,150,110,34,30,0,24,258,0,0
D:\Udacity Android Development\ud851-Sunshine-student\DiceRoll\app\src\main\java\com\example\android\diceroll\FiveRollActivity.java,14,10,7,0,4,0,0,0,0,0
D:\Udacity Android Development\ud851-Sunshine-student\DiceRoll\app\src\main\java\com\example\android\diceroll\MainActivity.java,39,29,22,0,10,0,0,0,0,0
D:\Udacity Android Development\ud851-Sunshine-student\DiceRoll\app\src\main\java\com\example\android\diceroll\OneFourEighteenActivity.java,14,10,7,0,4,0,0,0,0,0
D:\Udacity Android Development\ud851-Sunshine-student\DiceRoll\app\src\main\java\com\example\android\diceroll\ShipCaptainCrewActivity.java,176,110,91,13,20,0,46,449,0,0
D:\Udacity Android Development\ud851-Sunshine-student\DiceRoll\app\src\main\java\com\example\android\diceroll\ThreesActivity.java,14,10,7,0,4,0,0,0,0,0
D:\Udacity Android Development\ud851-Sunshine-student\DiceRoll\app\src\test\java\com\example\android\diceroll\ExampleUnitTest.java,17,9,6,0,3,0,5,21,0,0
