Folder,Files,LOC,SLOC-P,SLOC-L,MVG,BLOC,C&SLOC,CLOC,CWORD,HCLOC,HCWORD
Total,21,15000,5122,4825,47,107,0,9771,45327,75,393
D:\Udacity Android Development\ud851-Sunshine-student\DiceRoll,21,15000,5122,4825,47,107,0,9771,45327,75,393
D:\Udacity Android Development\ud851-Sunshine-student\DiceRoll\app,21,15000,5122,4825,47,107,0,9771,45327,75,393
D:\Udacity Android Development\ud851-Sunshine-student\DiceRoll\app\build,13,14495,4779,4564,0,26,0,9690,44575,75,393
D:\Udacity Android Development\ud851-Sunshine-student\DiceRoll\app\build\generated,13,14495,4779,4564,0,26,0,9690,44575,75,393
D:\Udacity Android Development\ud851-Sunshine-student\DiceRoll\app\build\generated\source,13,14495,4779,4564,0,26,0,9690,44575,75,393
D:\Udacity Android Development\ud851-Sunshine-student\DiceRoll\app\build\generated\source\buildConfig,1,14,9,8,0,2,0,3,9,3,9
D:\Udacity Android Development\ud851-Sunshine-student\DiceRoll\app\build\generated\source\buildConfig\debug,1,14,9,8,0,2,0,3,9,3,9
D:\Udacity Android Development\ud851-Sunshine-student\DiceRoll\app\build\generated\source\buildConfig\debug\com,1,14,9,8,0,2,0,3,9,3,9
D:\Udacity Android Development\ud851-Sunshine-student\DiceRoll\app\build\generated\source\buildConfig\debug\com\example,1,14,9,8,0,2,0,3,9,3,9
D:\Udacity Android Development\ud851-Sunshine-student\DiceRoll\app\build\generated\source\buildConfig\debug\com\example\android,1,14,9,8,0,2,0,3,9,3,9
D:\Udacity Android Development\ud851-Sunshine-student\DiceRoll\app\build\generated\source\buildConfig\debug\com\example\android\diceroll,1,14,9,8,0,2,0,3,9,3,9
D:\Udacity Android Development\ud851-Sunshine-student\DiceRoll\app\build\generated\source\r,12,14481,4770,4556,0,24,0,9687,44566,72,384
D:\Udacity Android Development\ud851-Sunshine-student\DiceRoll\app\build\generated\source\r\debug,12,14481,4770,4556,0,24,0,9687,44566,72,384
D:\Udacity Android Development\ud851-Sunshine-student\DiceRoll\app\build\generated\source\r\debug\android,11,2871,2783,2723,0,22,0,66,352,66,352
D:\Udacity Android Development\ud851-Sunshine-student\DiceRoll\app\build\generated\source\r\debug\android\arch,1,11,3,2,0,2,0,6,32,6,32
D:\Udacity Android Development\ud851-Sunshine-student\DiceRoll\app\build\generated\source\r\debug\android\arch\lifecycle,1,11,3,2,0,2,0,6,32,6,32
D:\Udacity Android Development\ud851-Sunshine-student\DiceRoll\app\build\generated\source\r\debug\android\support,10,2860,2780,2721,0,20,0,60,320,60,320
D:\Udacity Android Development\ud851-Sunshine-student\DiceRoll\app\build\generated\source\r\debug\android\support\compat,1,130,122,112,0,2,0,6,32,6,32
D:\Udacity Android Development\ud851-Sunshine-student\DiceRoll\app\build\generated\source\r\debug\android\support\constraint,1,233,225,225,0,2,0,6,32,6,32
D:\Udacity Android Development\ud851-Sunshine-student\DiceRoll\app\build\generated\source\r\debug\android\support\coreui,1,130,122,112,0,2,0,6,32,6,32
D:\Udacity Android Development\ud851-Sunshine-student\DiceRoll\app\build\generated\source\r\debug\android\support\coreutils,1,130,122,112,0,2,0,6,32,6,32
D:\Udacity Android Development\ud851-Sunshine-student\DiceRoll\app\build\generated\source\r\debug\android\support\fragment,1,130,122,112,0,2,0,6,32,6,32
D:\Udacity Android Development\ud851-Sunshine-student\DiceRoll\app\build\generated\source\r\debug\android\support\graphics,2,260,244,224,0,4,0,12,64,12,64
D:\Udacity Android Development\ud851-Sunshine-student\DiceRoll\app\build\generated\source\r\debug\android\support\graphics\drawable,2,260,244,224,0,4,0,12,64,12,64
D:\Udacity Android Development\ud851-Sunshine-student\DiceRoll\app\build\generated\source\r\debug\android\support\graphics\drawable\animated,1,130,122,112,0,2,0,6,32,6,32
D:\Udacity Android Development\ud851-Sunshine-student\DiceRoll\app\build\generated\source\r\debug\android\support\mediacompat,1,153,145,135,0,2,0,6,32,6,32
D:\Udacity Android Development\ud851-Sunshine-student\DiceRoll\app\build\generated\source\r\debug\android\support\v4,1,153,145,135,0,2,0,6,32,6,32
D:\Udacity Android Development\ud851-Sunshine-student\DiceRoll\app\build\generated\source\r\debug\android\support\v7,1,1541,1533,1554,0,2,0,6,32,6,32
D:\Udacity Android Development\ud851-Sunshine-student\DiceRoll\app\build\generated\source\r\debug\android\support\v7\appcompat,1,1541,1533,1554,0,2,0,6,32,6,32
D:\Udacity Android Development\ud851-Sunshine-student\DiceRoll\app\build\generated\source\r\debug\com,1,11610,1987,1833,0,2,0,9621,44214,6,32
D:\Udacity Android Development\ud851-Sunshine-student\DiceRoll\app\build\generated\source\r\debug\com\example,1,11610,1987,1833,0,2,0,9621,44214,6,32
D:\Udacity Android Development\ud851-Sunshine-student\DiceRoll\app\build\generated\source\r\debug\com\example\android,1,11610,1987,1833,0,2,0,9621,44214,6,32
D:\Udacity Android Development\ud851-Sunshine-student\DiceRoll\app\build\generated\source\r\debug\com\example\android\diceroll,1,11610,1987,1833,0,2,0,9621,44214,6,32
D:\Udacity Android Development\ud851-Sunshine-student\DiceRoll\app\src,8,505,343,261,47,81,0,81,752,0,0
D:\Udacity Android Development\ud851-Sunshine-student\DiceRoll\app\src\androidTest,1,27,15,11,0,6,0,6,24,0,0
D:\Udacity Android Development\ud851-Sunshine-student\DiceRoll\app\src\androidTest\java,1,27,15,11,0,6,0,6,24,0,0
D:\Udacity Android Development\ud851-Sunshine-student\DiceRoll\app\src\androidTest\java\com,1,27,15,11,0,6,0,6,24,0,0
D:\Udacity Android Development\ud851-Sunshine-student\DiceRoll\app\src\androidTest\java\com\example,1,27,15,11,0,6,0,6,24,0,0
D:\Udacity Android Development\ud851-Sunshine-student\DiceRoll\app\src\androidTest\java\com\example\android,1,27,15,11,0,6,0,6,24,0,0
D:\Udacity Android Development\ud851-Sunshine-student\DiceRoll\app\src\androidTest\java\com\example\android\diceroll,1,27,15,11,0,6,0,6,24,0,0
D:\Udacity Android Development\ud851-Sunshine-student\DiceRoll\app\src\main,6,461,319,244,47,72,0,70,707,0,0
D:\Udacity Android Development\ud851-Sunshine-student\DiceRoll\app\src\main\java,6,461,319,244,47,72,0,70,707,0,0
D:\Udacity Android Development\ud851-Sunshine-student\DiceRoll\app\src\main\java\com,6,461,319,244,47,72,0,70,707,0,0
D:\Udacity Android Development\ud851-Sunshine-student\DiceRoll\app\src\main\java\com\example,6,461,319,244,47,72,0,70,707,0,0
D:\Udacity Android Development\ud851-Sunshine-student\DiceRoll\app\src\main\java\com\example\android,6,461,319,244,47,72,0,70,707,0,0
D:\Udacity Android Development\ud851-Sunshine-student\DiceRoll\app\src\main\java\com\example\android\diceroll,6,461,319,244,47,72,0,70,707,0,0
D:\Udacity Android Development\ud851-Sunshine-student\DiceRoll\app\src\test,1,17,9,6,0,3,0,5,21,0,0
D:\Udacity Android Development\ud851-Sunshine-student\DiceRoll\app\src\test\java,1,17,9,6,0,3,0,5,21,0,0
D:\Udacity Android Development\ud851-Sunshine-student\DiceRoll\app\src\test\java\com,1,17,9,6,0,3,0,5,21,0,0
D:\Udacity Android Development\ud851-Sunshine-student\DiceRoll\app\src\test\java\com\example,1,17,9,6,0,3,0,5,21,0,0
D:\Udacity Android Development\ud851-Sunshine-student\DiceRoll\app\src\test\java\com\example\android,1,17,9,6,0,3,0,5,21,0,0
D:\Udacity Android Development\ud851-Sunshine-student\DiceRoll\app\src\test\java\com\example\android\diceroll,1,17,9,6,0,3,0,5,21,0,0
